{
    "loss": 0.30024784803390503,
    "accuracy": 0.9509803652763367
}