{
    "loss": 0.07167680561542511,
    "accuracy": 0.9803921580314636
}