{
    "loss": 5.283041477203369,
    "accuracy": 0.4313725531101227
}